date,email,amount,message
2023-08-21,sferentz0@sfgate.com,49,Crackers - Melba Toast
2023-05-24,mgooday1@census.gov,9,"Rosemary - Primerba, Paste"
2023-04-13,gtenbroek2@tiny.cc,56,Kahlua
2023-05-17,jstonall3@columbia.edu,41,"Pork - Loin, Boneless"
2023-01-17,bmcneilly4@about.com,43,Pastry - Banana Muffin - Mini
2023-01-18,rweall5@slate.com,9,Mushroom - Porcini Frozen
2023-10-20,randino6@youku.com,27,Shrimp
2023-09-13,randino6@youku.com,34,Black Tiger
2023-07-23,randino6@youku.com,28,Rosemary
2023-10-20,randino6@youku.com,16,Cheese - Allspice Sliced
2023-08-03,randino6@youku.com,44,Shrimp - Black Sliced
2023-04-21,grainon7@alibaba.com,13,Sesame Seed Black
2023-04-23,hportwaine8@ifeng.com,28,Sugar - Monocystal / Rock
2023-08-03,penrico9@wikipedia.org,50,"Pasta - Gnocchi, Potato"
2023-02-07,rlavignea@linkedin.com,61,Cheese - Swiss Sliced
2023-02-21,ktrimnellb@vk.com,48,Allspice - Jamaican
2023-03-03,etremblettc@dailymotion.com,82,"Soup - Beef, Base Mix"
2023-04-04,jheyballd@webeden.co.uk,43,Potatoes - Pei 10 Oz
2023-02-13,gcrutchleye@bandcamp.com,85,Mahi Mahi
2023-08-05,awillartonf@cornell.edu,89,Beer - Pilsner Urquell
2023-07-20,ugatrillg@redcross.org,9,Chevere Logs
2023-09-21,adesbrowh@nba.com,16,"Chilli Paste, Ginger Garlic"
2023-04-15,bralstoni@mashable.com,26,"Bread - Roll, Soft White Round"
2023-11-01,hsmittonj@europa.eu,39,Wine - Chardonnay Mondavi
2023-03-08,candreonek@istockphoto.com,41,"Tart Shells - Sweet, 3"
2023-03-18,jdottrelll@goo.gl,60,Soup Bowl Clear 8oz92008
2023-06-06,smockfordm@stumbleupon.com,34,Liqueur - Melon
2022-12-31,bstrakern@noaa.gov,48,Latex Rubber Gloves Size 9
2023-09-01,fpauo@facebook.com,91,Bagelers
2023-10-16,jcollerp@imdb.com,74,Icecream - Dstk Super Cone
2023-01-10,gmariaudq@w3.org,68,Bread - Mini Hamburger Bun
2022-12-02,sduchenner@hao123.com,33,Broom - Push
2023-02-11,lferiers@smh.com.au,40,"Butter - Salted, Micro"
2022-12-19,jdyblet@theguardian.com,58,Cheese - Ricotta
2022-12-19,bhamoru@last.fm,76,Container - Clear 32 Oz
2023-09-18,hdelaneyv@state.tx.us,5,"Oil - Olive, Extra Virgin"
2023-11-23,akiesselw@answers.com,60,Shrimp - 150 - 250
2023-04-19,rhollowsx@imageshack.us,100,Bacardi Raspberry
2023-10-01,mblakistony@squidoo.com,20,Aspic - Amber
2022-12-28,pgascoyenz@indiegogo.com,96,"Tart Shells - Sweet, 4"
2023-10-27,sgeroldi10@yellowbook.com,41,"Jam - Raspberry,jar"
2023-06-30,againor11@washingtonpost.com,1,Cheese - Bakers Cream Cheese
2023-01-28,ecoalburn12@quantcast.com,26,Danishes - Mini Cheese
2023-06-25,mschermick13@vimeo.com,90,Tequila - Sauza Silver
2022-12-21,saskie14@imgur.com,13,Beer - Blue Light
2023-08-02,sdarkins15@istockphoto.com,82,Asparagus - Mexican
2022-12-31,mhatherleigh16@rambler.ru,49,Fondant - Icing
2023-10-15,ivero17@liveinternet.ru,98,Wine - Penfolds Koonuga Hill
2023-11-14,lfaull18@bigcartel.com,79,Eggplant - Baby
2023-02-08,moxton19@xinhuanet.com,55,Cream - 18%
2023-04-24,nkemwal1a@exblog.jp,26,Greens Mustard
2023-01-18,hnormanvill1b@oakley.com,39,"Dill - Primerba, Paste"
2023-08-22,ksyalvester1c@smugmug.com,24,Crackers - Trio
2023-07-28,bolivi1d@xrea.com,60,The Pop Shoppe - Grape
2023-08-25,dtrowle1e@fc2.com,13,Dip - Tapenade
2023-09-16,ajozefiak1f@joomla.org,78,Water - Perrier
2023-09-14,bbrimfield1g@list-manage.com,85,The Pop Shoppe - Black Cherry
2023-11-11,cerik1h@so-net.ne.jp,96,Creme De Menth - White
2023-08-22,fverrall1i@netscape.com,67,Chinese Lemon Pork
2022-12-01,ctunesi1j@netscape.com,96,Remy Red Berry Infusion
2023-05-07,cemmanuel1k@zimbio.com,97,"Jam - Blackberry, 20 Ml Jar"
2023-06-09,cismail1l@ezinearticles.com,10,Salmon Steak - Cohoe 6 Oz
2023-08-13,rpedroni1m@blogs.com,24,Beer - Labatt Blue
2023-02-20,nadcocks1n@chicagotribune.com,12,Cake Slab
2023-01-19,gcarlos1o@globo.com,36,Apple - Fuji
2022-12-18,jfletcher1p@phoca.cz,52,Cabbage - Green
2023-10-19,nissacson1q@answers.com,62,Compound - Passion Fruit
2023-04-15,emcilveen1r@imdb.com,46,Veal - Slab Bacon
2023-02-24,wpinchbeck1s@canalblog.com,70,Oil - Margarine
2023-05-29,cgathwaite1t@seattletimes.com,41,Milk - Condensed
2023-10-31,cangel1u@cdc.gov,44,Cheese - Perron Cheddar
2022-12-27,arobecon1v@guardian.co.uk,88,Potatoes - Peeled
2023-02-23,adingley1w@yahoo.com,64,Mangostein
2023-02-15,rtangye1x@yolasite.com,11,Truffle Cups - White Paper
2023-09-12,cflatte1y@umn.edu,9,Table Cloth 53x69 White
2023-11-17,clivings1z@furl.net,91,Soup - Campbells Beef Stew
2022-12-04,btaffrey20@amazon.co.jp,29,Tofu - Soft
2022-12-03,aockenden21@howstuffworks.com,77,Pickerel - Fillets
2023-01-12,mfitchett22@independent.co.uk,12,Syrup - Chocolate
2023-08-12,pespinosa23@clickbank.net,24,Island Oasis - Raspberry
2023-04-18,selgee24@cafepress.com,24,"Tortillas - Flour, 12"
2023-05-16,ckave25@zimbio.com,31,"Shrimp - 16/20, Peeled Deviened"
2023-04-11,rdrydale26@scientificamerican.com,72,Pectin
2023-04-29,clabro27@typepad.com,58,Foam Espresso Cup Plain White
2023-10-14,jvousden28@usa.gov,11,"Tart Shells - Sweet, 2"
2023-10-23,bcamois29@marriott.com,64,Flower - Potmums
2023-07-25,kkovalski2a@artisteer.com,83,"Rum - Dark, Bacardi, Black"
2022-12-23,lwarton2b@nature.com,18,Yogurt - French Vanilla
2023-05-11,bmaxwale2c@sourceforge.net,67,Dried Cherries
2023-02-23,rvinter2d@icq.com,18,"Veal - Insides, Grains"
2023-11-03,tbeedham2e@people.com.cn,69,Rappini - Andy Boy
2023-05-25,mdurand2f@uiuc.edu,19,Wine - Two Oceans Cabernet
2023-08-22,ogercke2g@bbc.co.uk,6,Wine - Magnotta - Belpaese
2023-02-25,heverleigh2h@indiatimes.com,94,Langers - Cranberry Cocktail
2023-10-04,smariotte2i@wunderground.com,50,"Arctic Char - Fresh, Whole"
2022-12-10,achatteris2j@japanpost.jp,22,Pepper - Cubanelle
2023-07-25,osherrum2k@is.gd,33,Onions - Spanish
2023-03-07,jlicquorish2l@ucoz.com,25,Dc - Sakura Fu
2023-01-10,tmeech2m@barnesandnoble.com,60,Cheese - Brie
2023-11-22,ccannan2n@abc.net.au,14,"Bread - Sticks, Thin, Plain"
2023-05-17,eacott2o@mail.ru,17,Chicken - Whole
2023-09-21,smacilhargy2p@hexun.com,6,Paper Towel Touchless
2023-01-26,syanyushkin2q@php.net,36,Beer - Mcauslan Apricot
2023-01-21,amalloy2r@list-manage.com,32,Bread - Italian Corn Meal Poly
